/*
SQLyog Community v13.0.1 (64 bit)
MySQL - 5.7.19 : Database - mpsneakers
*********************************************************************
*/

/*!40101 SET NAMES utf8 */;

/*!40101 SET SQL_MODE=''*/;

/*!40014 SET @OLD_UNIQUE_CHECKS=@@UNIQUE_CHECKS, UNIQUE_CHECKS=0 */;
/*!40014 SET @OLD_FOREIGN_KEY_CHECKS=@@FOREIGN_KEY_CHECKS, FOREIGN_KEY_CHECKS=0 */;
/*!40101 SET @OLD_SQL_MODE=@@SQL_MODE, SQL_MODE='NO_AUTO_VALUE_ON_ZERO' */;
/*!40111 SET @OLD_SQL_NOTES=@@SQL_NOTES, SQL_NOTES=0 */;
CREATE DATABASE /*!32312 IF NOT EXISTS*/`mpsneakers` /*!40100 DEFAULT CHARACTER SET latin1 */;

USE `mpsneakers`;

/*Table structure for table `avaliacao` */

DROP TABLE IF EXISTS `avaliacao`;

CREATE TABLE `avaliacao` (
  `id` int(11) NOT NULL AUTO_INCREMENT,
  `nota` int(11) NOT NULL,
  `id_produto` int(11) NOT NULL,
  `opniao` varchar(500) DEFAULT NULL,
  `tipo` varchar(20) NOT NULL,
  `id_cliente` varchar(150) NOT NULL,
  PRIMARY KEY (`id`),
  KEY `produtoFk` (`id_produto`),
  KEY `cFk` (`id_cliente`)
) ENGINE=InnoDB AUTO_INCREMENT=103 DEFAULT CHARSET=latin1;

/*Data for the table `avaliacao` */

insert  into `avaliacao`(`id`,`nota`,`id_produto`,`opniao`,`tipo`,`id_cliente`) values 
(1,6,12,'PD-Rx Pharmaceuticals, Inc.','Entrega','13'),
(2,9,8,'International Wholesale, Inc.','Entrega','93'),
(3,7,74,'Aidarex Pharmaceuticals LLC','Atendimento','14'),
(4,6,59,'Wal-Mart Stores Inc','Entrega','2'),
(5,2,84,'Uriel Pharmacy Inc.','Atendimento','12'),
(6,1,28,'Lake Erie Medical & Surgical Supply DBA Quality Care Products LLC','Atendimento','9'),
(7,1,20,'Major Pharmaceuticals','Atendimento','20'),
(8,10,78,'Acme United Corporation','Atendimento','63'),
(9,6,59,'E. Fougera & Co., a division of Fougera Pharmaceuticals Inc.','Atendimento','77'),
(10,7,98,'Apotheca Company','Atendimento','31'),
(11,1,97,'Modlina Cosmetics Co., Ltd','Entrega','49'),
(12,5,67,'Teva Pharmaceuticals USA Inc','Entrega','93'),
(13,8,100,'sanofi-aventis U.S. LLC','Entrega','45'),
(14,7,91,'SJ Creations, Inc.','Entrega','23'),
(15,8,3,'Johnson & Johnson Healthcare Products, Division of McNEIL-PPC, Inc','Atendimento','57'),
(16,10,25,'McKesson','Entrega','97'),
(17,4,71,'New Horizon Rx Group, LLC','Atendimento','2'),
(18,6,95,'Pekana-Naturheilmittel GmbH','Atendimento','20'),
(19,7,43,'Siscom de Argentina SA','Atendimento','97'),
(20,7,12,'Target Corporation','Entrega','23'),
(21,3,64,'Dealer\'s Medical Equipment Solutions Inc dba Colorado Compressed Gases, Inc.','Entrega','82'),
(22,2,20,'Cadila Healthcare Limited','Atendimento','84'),
(23,8,68,'Uriel Pharmacy Inc.','Atendimento','92'),
(24,6,41,'Dispensing Solutions, Inc.','Atendimento','53'),
(25,10,66,'REMEDYREPACK INC.','Atendimento','3'),
(26,7,73,'Pernix Therapeutics, LLC','Atendimento','56'),
(27,9,89,'General Injectables & Vaccines, Inc.','Atendimento','58'),
(28,7,9,'Energique, Inc.','Entrega','81'),
(29,7,16,'Uriel Pharmacy Inc.','Entrega','81'),
(30,10,33,'Elizabeth Arden, Inc','Entrega','12'),
(31,1,73,'Amneal Pharmaceuticals of New York, LLC','Entrega','43'),
(32,3,65,'Newton Laboratories, Inc.','Entrega','51'),
(33,6,77,'Dolgencorp, LLC','Entrega','84'),
(34,1,96,'Novartis Pharmaceuticals Corporation','Atendimento','9'),
(35,7,66,'Mary Kay Inc.','Entrega','69'),
(36,4,90,'Major Pharmaceuticals','Atendimento','85'),
(37,3,77,'Virtus Pharmaceuticals LLC','Entrega','43'),
(38,6,37,'Saimdang Cosmetics Co., Ltd','Atendimento','91'),
(39,7,58,'Novartis Pharmaceuticals Corporation','Entrega','94'),
(40,9,14,'bryant ranch prepack','Atendimento','78'),
(41,10,98,'Global Pharmaceuticals, Division of Impax Laboratories Inc.','Entrega','93'),
(42,4,79,'American Health Packaging','Atendimento','66'),
(43,1,54,'Bryant Ranch Prepack','Atendimento','75'),
(44,10,41,'Dillon Medical Supply','Entrega','20'),
(45,1,80,'GE Healthcare Inc.','Atendimento','21'),
(46,8,78,'Genuine Virgin Aloe Corporation','Entrega','37'),
(47,10,89,'TWIN MED, LLC','Entrega','7'),
(48,1,5,'Bryant Ranch Prepack','Entrega','2'),
(49,8,100,'Hutchinson Healthcare Services, Inc. dba Health-E-Quip','Entrega','61'),
(50,9,51,'Prime Packaging, Inc.','Entrega','54'),
(51,5,27,'Physicians Total Care, Inc.','Atendimento','50'),
(52,2,93,'Parfums Christian Dior','Entrega','19'),
(53,3,46,'Kao Brands Company','Entrega','97'),
(54,6,78,'Aphena Pharma Solutions - Tennessee, LLC','Entrega','14'),
(55,5,68,'Unit Dose Services','Entrega','18'),
(56,4,87,'ConvaTec Inc.','Entrega','17'),
(57,4,27,'Lake Erie Medical & Surgcial Supply DBA Quality Care Products LLC','Entrega','45'),
(58,8,89,'Uriel Pharmacy Inc.','Entrega','82'),
(59,2,51,'Fresenius Kabi USA, LLC','Atendimento','95'),
(60,2,15,'Trigen Laboratories, LLC','Entrega','2'),
(61,7,29,'HYVEE INC.','Entrega','21'),
(62,7,14,'Teva Pharmaceuticals USA Inc','Entrega','22'),
(63,6,9,'McKesson','Atendimento','92'),
(64,1,21,'Red Ball Oxygen Co., Inc.','Atendimento','60'),
(65,10,63,'Valeant Pharmaceuticals North America LLC','Atendimento','7'),
(66,6,60,'Physicians Total Care, Inc.','Entrega','15'),
(67,5,66,'Natural Health Supply','Atendimento','44'),
(68,1,59,'SUPERVALU INC.','Atendimento','71'),
(69,7,61,'Hospira, Inc.','Atendimento','5'),
(70,6,78,'Walgreen Company','Entrega','48'),
(71,6,44,'The Hain Celestial Group, Inc.','Atendimento','12'),
(72,5,72,'Clinical Solutions Wholesale','Atendimento','31'),
(73,5,83,'H and P Industries, Inc. dba Triad Group','Atendimento','44'),
(74,1,90,'A-S Medication Solutions LLC','Entrega','15'),
(75,6,42,'AvKARE, Inc.','Entrega','30'),
(76,7,91,'Cardinal Health','Entrega','20'),
(77,1,83,'REMEDYREPACK INC.','Atendimento','48'),
(78,5,98,'ALK-Abello, Inc.','Atendimento','79'),
(79,3,59,'CVS Pharmacy, Inc','Entrega','15'),
(80,7,34,'SJ Creations, Inc.','Atendimento','57'),
(81,7,30,'Meijer Distribution Inc','Atendimento','82'),
(82,5,35,'The Hain Celestial Group, Inc.','Atendimento','13'),
(83,2,79,'TAI GUK PHARM. CO., LTD.','Entrega','58'),
(84,7,33,'Unifirst First Aid Corporation','Atendimento','22'),
(85,6,14,'International Nature Nutraceuticals','Entrega','14'),
(86,1,33,'Rite Aid Corporation','Atendimento','30'),
(87,10,61,'Cardinal Health','Atendimento','75'),
(88,2,88,'Delta Brands Inc','Entrega','23'),
(89,1,62,'AMERICAN SALES COMPANY','Atendimento','59'),
(90,9,38,'sanofi-aventis U.S. LLC','Entrega','71'),
(91,2,97,'CVS Pharmacy','Atendimento','57'),
(92,5,73,'Physicians Total Care, Inc.','Entrega','82'),
(93,3,63,'Rebel Distributors Corp','Entrega','44'),
(94,2,57,'Natural Creations, Inc.','Entrega','84'),
(95,6,48,'Sandoz Inc','Atendimento','59'),
(96,10,21,'Capricorn Pharma Inc.','Entrega','63'),
(97,2,25,'King Pharmaceuticals, Inc.','Entrega','94'),
(98,4,60,'Lancaster S.A.M.','Atendimento','28'),
(99,3,13,'Cardinal Health','Entrega','57'),
(100,10,28,'Church & Dwight Co., Inc.','Atendimento','97'),
(101,4,3,'ooo','Atendimento','2'),
(102,0,15,'Gostei','Entrega','Jose');

/*Table structure for table `cliente` */

DROP TABLE IF EXISTS `cliente`;

CREATE TABLE `cliente` (
  `id` int(11) NOT NULL AUTO_INCREMENT,
  `nome` varchar(150) NOT NULL,
  `rg` varchar(11) NOT NULL,
  `cpf` varchar(15) NOT NULL,
  PRIMARY KEY (`id`)
) ENGINE=InnoDB AUTO_INCREMENT=103 DEFAULT CHARSET=latin1;

/*Data for the table `cliente` */

insert  into `cliente`(`id`,`nome`,`rg`,`cpf`) values 
(2,'Clo','3552830','522619913'),
(3,'Justine','7537058','161415595'),
(4,'Carlin','16048427','399106727'),
(5,'Edward','13070358','899955973'),
(6,'Sigrid','1404551','757592629'),
(7,'Patton','8865557','614407642'),
(8,'Minnie','10680346','662079619'),
(9,'Kristoffer','22638820','144081486'),
(10,'Greta','18874498','833413203'),
(11,'Yehudi','10915949','991339958'),
(12,'Lek','12002366','198559495'),
(13,'Pebrook','5293949','508999699'),
(14,'Harlie','10598357','618893685'),
(15,'Mattheus','15546721','911493343'),
(16,'Scarface','15920853','973712461'),
(17,'Ardyce','5680777','461771373'),
(18,'Melina','8136222','221135063'),
(19,'Cy','4351755','512698166'),
(20,'Chevalier','9459500','162533349'),
(21,'Michaella','4704976','659127687'),
(22,'Skippy','6557437','489602029'),
(23,'Montgomery','22138241','628692097'),
(24,'Carrie','18721411','225935640'),
(25,'Laughton','17910839','339540501'),
(26,'Stinky','1480101','941478981'),
(27,'Viviene','19758496','185376776'),
(28,'Modestine','8074965','392605502'),
(29,'Kristopher','20800568','443711645'),
(30,'Corette','18898492','523382593'),
(31,'Jody','18666574','864660801'),
(32,'Bryn','3814222','219227397'),
(33,'Lanna','7719381','670236161'),
(34,'Tamera','10346642','658850569'),
(35,'Katharina','12155960','132264703'),
(36,'Tadeo','1774019','851839051'),
(37,'Bruce','18376645','671183323'),
(38,'Harlie','21246561','236353996'),
(39,'Cymbre','22759994','607517339'),
(40,'Leslie','3925565','916861886'),
(41,'Bobby','19025042','986687301'),
(42,'Anabel','1998496','193789917'),
(43,'Sharleen','21445186','955189925'),
(44,'Becka','10139575','789359782'),
(45,'Felicdad','21076813','555654339'),
(46,'Glenna','21905336','529731137'),
(47,'Ivonne','7026191','241875684'),
(48,'Aleen','4635986','532908954'),
(49,'Errol','4898448','936486644'),
(50,'York','9365164','983436388'),
(51,'joao','111','111'),
(52,'Pincas','18012972','570746742'),
(53,'Reyna','23013756','174780630'),
(54,'Tarrah','2766966','997250177'),
(55,'Brady','8205672','194750462'),
(56,'Patty','20239256','899670374'),
(57,'Putnem','4888136','740419258'),
(58,'Brandie','1374733','402652983'),
(59,'Juliette','13603822','758237912'),
(60,'Pippy','5304005','736960958'),
(61,'Rob','11714104','657241935'),
(62,'Meghann','21555246','931745589'),
(63,'Jenilee','8165483','261392181'),
(64,'Sapphira','16264736','464989284'),
(65,'Chrysler','3497396','946622767'),
(66,'Cyrill','5705177','865572391'),
(67,'Diandra','5170062','904934886'),
(68,'Obediah','11189201','260298373'),
(69,'Sullivan','4373239','309816884'),
(70,'Kinny','13532053','576576334'),
(71,'Brocky','16074429','675960694'),
(72,'Koo','1259188','544794952'),
(73,'Ado','1568147','677237398'),
(74,'Gilberta','14634673','693366238'),
(75,'Justis','9957985','976029409'),
(76,'Elnar','16206524','673406276'),
(77,'Camila','5432077','192365269'),
(78,'Forster','14767654','230615175'),
(79,'Nady','5926089','352018733'),
(80,'Konrad','19296738','422973279'),
(81,'Saudra','11170645','376045312'),
(82,'Joell','17202778','559268857'),
(83,'Deena','5576109','653435987'),
(84,'Dag','5595522','598323641'),
(85,'Wendi','13107021','304618343'),
(86,'Peirce','5550866','201574379'),
(87,'Jacinda','6052666','441523808'),
(88,'Frank','12533949','411088910'),
(89,'Anastassia','16747821','922022417'),
(90,'Emmit','1845831','712498182'),
(91,'Torry','18163670','886529800'),
(92,'Raquel','1150327','323933925'),
(93,'Gregory','5662637','751055171'),
(94,'Justin','7290366','694995875'),
(95,'Husein','21128160','639304271'),
(96,'Alyosha','901929','749365721'),
(97,'Maurits','8026322','193434098'),
(98,'Jocelin','4555577','385722242'),
(99,'Irwinn','15436817','255936301'),
(100,'Sheffield','13847403','603362533'),
(101,'Josa','2564','14444'),
(102,'Jose','19274571','317875746');

/*Table structure for table `fornecedor` */

DROP TABLE IF EXISTS `fornecedor`;

CREATE TABLE `fornecedor` (
  `id` int(11) NOT NULL AUTO_INCREMENT,
  `nome` varchar(150) NOT NULL,
  `cep` varchar(10) NOT NULL,
  `cnpj` varchar(40) NOT NULL,
  PRIMARY KEY (`id`)
) ENGINE=InnoDB AUTO_INCREMENT=11 DEFAULT CHARSET=latin1;

/*Data for the table `fornecedor` */

insert  into `fornecedor`(`id`,`nome`,`cep`,`cnpj`) values 
(1,'NikeS','2898233888','87340'),
(2,'Adidas','163820','1721843337'),
(3,'TenisPe','172128','2978089222'),
(4,'Sao Calçados','293959','2775745796'),
(5,'Oakley','309219','2392029366'),
(6,'Topper','107178','1313489801'),
(7,'Vision','170655','1597897830'),
(8,'Snearks','97640','1524502791'),
(9,'TGH','185326','2899773944');

/*Table structure for table `funcionario` */

DROP TABLE IF EXISTS `funcionario`;

CREATE TABLE `funcionario` (
  `id` int(11) NOT NULL AUTO_INCREMENT,
  `nome` varchar(150) NOT NULL,
  `cpf` varchar(15) NOT NULL,
  `senha` varchar(50) NOT NULL,
  PRIMARY KEY (`id`)
) ENGINE=InnoDB AUTO_INCREMENT=102 DEFAULT CHARSET=latin1;

/*Data for the table `funcionario` */

insert  into `funcionario`(`id`,`nome`,`cpf`,`senha`) values 
(2,'admin','639814013','admin'),
(3,'Candy','721463728','3'),
(4,'Hestia','779669970','4'),
(5,'b','841291342','b'),
(6,'c','524670119','c'),
(7,'Tod','597777364','7'),
(8,'Zitella','727045126','8'),
(9,'Rena','515327033','9'),
(10,'Inna','546387550','10'),
(11,'Reggis','486982957','11'),
(12,'Thedrick','369281618','12'),
(13,'Onfroi','236963194','13'),
(14,'Leon','366204555','14'),
(15,'Hadlee','770809770','15'),
(16,'Rollie','672812348','16'),
(17,'Garvin','645816295','17'),
(18,'Anica','688803724','18'),
(19,'Auria','111735395','19'),
(20,'Alaine','336681924','20'),
(21,'Ronnie','475939387','21'),
(22,'Devinne','949316935','22'),
(23,'Sammy','655246697','23'),
(24,'Delphine','508947710','24'),
(25,'Colette','286512526','25'),
(26,'Belinda','749902867','26'),
(27,'Selby','931104433','27'),
(28,'Matthias','708476331','28'),
(29,'Henrik','941071122','29'),
(30,'Tallie','746638885','30'),
(31,'Kari','901808308','31'),
(32,'Sig','608200604','32'),
(33,'Amandie','747166690','33'),
(34,'Staffard','455213202','34'),
(35,'Paulina','217516134','35'),
(36,'Julienne','283486391','36'),
(37,'Tomkin','324930490','37'),
(38,'Ailina','412627883','38'),
(39,'Jsandye','862727401','39'),
(40,'Nesta','937473343','40'),
(41,'Aloise','917751184','41'),
(42,'Allin','264198933','42'),
(43,'Cate','324468644','43'),
(44,'Adolf','953020264','44'),
(45,'Blondy','460504221','45'),
(46,'Dara','256774904','46'),
(47,'Teodoor','400436224','47'),
(48,'Vachel','816064360','48'),
(49,'Daryl','330445933','49'),
(50,'Marillin','241342029','50'),
(51,'Vivyanne','807816316','51'),
(52,'Marcello','265237226','52'),
(53,'Laurent','500032884','53'),
(54,'Lily','353346291','54'),
(55,'Rurik','483061070','55'),
(56,'Deb','184417063','56'),
(57,'Modesta','103275848','57'),
(58,'Elwin','569494305','58'),
(59,'Lancelot','215879133','59'),
(60,'Salaidh','561893777','60'),
(61,'Cosimo','470140295','61'),
(62,'Rooney','922752106','62'),
(63,'Stephenie','862668037','63'),
(64,'Tadio','544885855','64'),
(65,'Mord','100405540','65'),
(66,'Sigismund','566206353','66'),
(67,'Shaine','904102082','67'),
(68,'Pyotr','997606165','68'),
(69,'Dorothea','398908301','69'),
(70,'Sandi','826829519','70'),
(71,'Gretta','876751196','71'),
(72,'Danila','470499914','72'),
(73,'Alecia','354202941','73'),
(74,'Cori','207782128','74'),
(75,'Lea','285055703','75'),
(76,'Ivory','651921363','76'),
(77,'Marquita','425767057','77'),
(78,'Jamey','865670147','78'),
(79,'Stacy','618684211','79'),
(80,'Tova','969962766','80'),
(81,'Daryl','810250700','81'),
(82,'Price','579049441','82'),
(83,'Maire','257383038','83'),
(84,'Iggy','367148084','84'),
(85,'Juliana','882177627','85'),
(86,'Wendell','437389109','86'),
(87,'Lonnie','600764154','87'),
(88,'Harald','978365079','88'),
(89,'Adah','523848406','89'),
(90,'Staci','201091955','90'),
(91,'Bernarr','901129684','91'),
(92,'Esdras','855157546','92'),
(93,'Howie','832527099','93'),
(94,'Ilyse','101243326','94'),
(95,'Brockie','133704503','95'),
(96,'Levey','184139912','96'),
(97,'Rosella','996105463','97'),
(98,'Elspeth','932666762','98'),
(99,'Manda','249956589','99'),
(100,'Jennee','601566189','100'),
(101,'t','683546357','t');

/*Table structure for table `produto` */

DROP TABLE IF EXISTS `produto`;

CREATE TABLE `produto` (
  `id` int(11) NOT NULL AUTO_INCREMENT,
  `marca` varchar(120) NOT NULL,
  `modelo` varchar(60) NOT NULL,
  `numeracao` int(11) NOT NULL,
  `id_fornecedor` int(11) NOT NULL,
  `quantidade` int(11) NOT NULL,
  `preco` double NOT NULL,
  PRIMARY KEY (`id`),
  KEY `fornecedorFk` (`id_fornecedor`),
  CONSTRAINT `fornecedorFk` FOREIGN KEY (`id_fornecedor`) REFERENCES `fornecedor` (`id`)
) ENGINE=InnoDB AUTO_INCREMENT=101 DEFAULT CHARSET=latin1;

/*Data for the table `produto` */

insert  into `produto`(`id`,`marca`,`modelo`,`numeracao`,`id_fornecedor`,`quantidade`,`preco`) values 
(3,'Bubblemix','B-Series Plus',45,3,52,760.87),
(4,'Vipe','Ram 1500 Club',22,2,19,510.42),
(5,'Thoughtstorm','Venture',37,7,84,500.32),
(6,'Feedfire','Range Rover',50,7,91,167.91),
(7,'Layo','CLS-Class',20,5,98,140.77),
(8,'Quaxo','G6',42,3,28,323.91),
(9,'Tagchat','K5 Blazer',19,9,68,367.92),
(10,'Skyba','Tacoma',47,4,83,125.82),
(11,'Photolist','Ram 2500',44,6,51,622.95),
(12,'Talane','3500',18,2,70,667.07),
(13,'Lazz','Echo',23,6,67,82.14),
(14,'Lajo','Alero',17,3,66,608.37),
(15,'Jabbercube','Borrego',26,8,4,387.74),
(16,'Quatz','A4',34,9,51,786.31),
(17,'Skinte','Solstice',25,6,16,425.44),
(18,'Riffwire','Festiva',36,2,52,137.44),
(19,'Oyoloo','Miata MX-5',49,8,6,667.91),
(20,'Browsezoom','928',24,6,69,788.82),
(21,'Kaymbo','CX-7',18,6,7,401.99),
(22,'Kwinu','Rapide',46,2,37,661.83),
(23,'Yozio','Sorento',19,6,54,795.76),
(24,'Dabfeed','Corvette',16,6,8,129.59),
(25,'Browsecat','Solara',18,7,19,490.02),
(26,'Livepath','Roadrunner',37,5,57,343.41),
(27,'Dynazzy','Ram 2500 Club',26,2,83,522.64),
(28,'Wordtune','LeSabre',44,6,10,586.52),
(29,'Avavee','TundraMax',29,3,12,766.82),
(30,'Twimm','911',38,3,71,767.22),
(31,'Realbuzz','Avalanche',41,2,2,236.46),
(32,'Oyondu','Achieva',38,8,62,166.62),
(33,'Fivechat','Miata MX-5',34,1,29,335.37),
(34,'Twitterworks','GT500',40,7,60,236.2),
(35,'Snaptags','Talon',37,4,44,273.33),
(36,'Twimbo','Optima',42,6,69,355.48),
(37,'Skinix','Cirrus',49,4,22,302.66),
(38,'Demizz','Range Rover',28,4,87,240.9),
(39,'Oyoba','F250',33,8,20,424.6),
(40,'Muxo','Justy',38,8,77,568.33),
(41,'Meevee','M-Class',29,4,62,251.41),
(42,'Zooveo','Sonoma',22,6,59,551.44),
(43,'Midel','80',22,7,53,723.48),
(44,'Livefish','Tahoe',18,4,56,272.01),
(45,'Aibox','Space',47,1,71,671.13),
(46,'Riffpath','S4',21,2,35,200.89),
(47,'Lazz','Park Avenue',47,8,67,227.7),
(48,'Realmix','Vitara',42,2,3,699.91),
(49,'Meevee','X6 M',24,7,11,245.45),
(50,'Kamba','Park Avenue',21,7,28,615.42),
(51,'Zoombeat','Maxima',33,6,76,366.01),
(52,'Shufflester','XC90',37,3,31,108.89),
(53,'Oyonder','Maxima',34,1,13,743.98),
(54,'Yodel','3500',22,4,8,397.33),
(55,'Twimm','Fit',29,4,28,617.85),
(56,'Yakitri','Range Rover',50,7,42,125.42),
(57,'Oozz','Probe',49,8,21,95.51),
(58,'Innotype','Town Car',45,1,61,605.71),
(59,'Skipfire','Pilot',36,6,90,669.03),
(60,'Browseblab','Stealth',49,2,52,562.2),
(61,'Topiclounge','Diamante',16,3,58,599.12),
(62,'Thoughtstorm','Legacy',24,2,97,633.53),
(63,'Latz','Sebring',44,3,79,65.98),
(64,'Brainsphere','Golf',33,7,90,511.96),
(65,'Photofeed','Ram 2500',17,6,66,222.88),
(66,'Leexo','Grand Am',20,3,89,536.27),
(67,'Jaxnation','Camry Solara',35,6,68,224.8),
(68,'Twiyo','MR2',38,3,87,186.09),
(69,'Shufflester','Genesis Coupe',37,2,44,724.79),
(70,'Talane','Mulsanne',38,3,67,545.44),
(71,'Npath','Landaulet',26,7,4,610.67),
(72,'Quire','Cougar',43,9,33,699.91),
(73,'Twinte','W201',15,5,16,369.12),
(74,'Wikido','Acadia',44,5,8,427.1),
(75,'Riffpath','Vandura 1500',24,4,86,398.08),
(76,'Tanoodle','Ram 1500',25,5,99,742.33),
(77,'Yozio','Silverado 3500',28,1,34,720.84),
(78,'Fivechat','Summit',28,4,52,636.55),
(79,'Yadel','Vandura 1500',32,7,45,648.16),
(80,'Mynte','LeSabre',42,6,75,704.89),
(81,'Gigashots','500SEL',22,5,48,772.17),
(82,'Jatri','E-Series',31,2,6,665.4),
(83,'Oyondu','Impala',25,2,56,228.4),
(84,'Lajo','Civic',24,1,78,319.63),
(85,'Aimbu','Legend',19,7,91,327.7),
(86,'DabZ','Outback',21,5,52,611.28),
(87,'Jetpulse','911',17,9,25,719.79),
(88,'Linktype','Aura',42,6,51,411.46),
(89,'Lazzy','Voyager',42,6,97,664.27),
(90,'Feedfire','B-Series',47,7,1,202.31),
(91,'Feedbug','Accent',19,5,58,243.91),
(92,'Flashdog','E-Series',48,4,75,151.17),
(93,'Eamia','Corolla',38,9,42,316.27),
(94,'Eabox','LS',40,4,49,302.16),
(95,'Omba','GS',22,7,83,724.92),
(96,'Kazio','Avanti',38,7,78,648.67),
(97,'Photospace','Expedition',26,6,91,233.73),
(98,'Eimbee','5 Series',37,1,2,773.8),
(99,'Cogibox','Yaris',19,6,85,716.88),
(100,'Meezzy','Civic',49,5,74,90.71);

/*Table structure for table `vendas` */

DROP TABLE IF EXISTS `vendas`;

CREATE TABLE `vendas` (
  `id` int(11) NOT NULL AUTO_INCREMENT,
  `id_produto` int(11) NOT NULL,
  `id_funcionario` int(11) NOT NULL,
  `quantidade` int(11) NOT NULL,
  `preco` double NOT NULL,
  `data` varchar(15) NOT NULL,
  PRIMARY KEY (`id`),
  KEY `funcionarioFk` (`id_funcionario`),
  KEY `produtoFk` (`id_produto`),
  CONSTRAINT `funcionarioFk` FOREIGN KEY (`id_funcionario`) REFERENCES `funcionario` (`id`),
  CONSTRAINT `produtoFk` FOREIGN KEY (`id_produto`) REFERENCES `produto` (`id`)
) ENGINE=InnoDB AUTO_INCREMENT=102 DEFAULT CHARSET=latin1;

/*Data for the table `vendas` */

insert  into `vendas`(`id`,`id_produto`,`id_funcionario`,`quantidade`,`preco`,`data`) values 
(2,2,2,9,331.63,'12/10/2018'),
(3,3,3,7,430.61,'12/10/2018'),
(4,4,4,6,472.2,'12/10/2018'),
(6,6,6,7,314.9,'12/10/2018'),
(7,7,7,8,227.41,'12/10/2018'),
(8,8,8,7,251.22,'12/10/2018'),
(10,10,10,3,262.43,'12/10/2018'),
(11,11,11,1,252.12,'12/10/2018'),
(12,12,12,6,375.26,'12/10/2018'),
(13,13,13,6,399.07,'12/10/2018'),
(14,14,14,4,273.93,'12/10/2018'),
(15,15,15,3,410.64,'12/10/2018'),
(16,16,16,2,190.63,'12/10/2018'),
(17,17,17,3,320.3,'11/08/2018'),
(18,18,18,7,280.66,'11/08/2018'),
(19,19,19,9,335.69,'11/08/2018'),
(20,20,20,5,266.38,'11/08/2018'),
(21,21,21,6,460.99,'11/08/2018'),
(22,22,22,3,386.11,'11/08/2018'),
(23,23,23,9,208.99,'11/08/2018'),
(24,24,24,1,300.47,'11/08/2018'),
(25,25,25,2,432.27,'11/08/2018'),
(26,26,26,7,324.43,'11/08/2018'),
(27,27,27,10,457.18,'11/08/2018'),
(28,28,28,3,186.69,'11/08/2018'),
(29,29,29,4,401.44,'11/08/2018'),
(30,30,30,7,290.05,'11/08/2018'),
(31,31,31,1,496.88,'11/08/2018'),
(32,32,32,2,235.48,'11/08/2018'),
(33,33,33,8,223.11,'11/08/2018'),
(34,34,34,8,233.4,'11/08/2018'),
(35,35,35,3,358.2,'11/08/2018'),
(36,36,36,9,337.57,'11/08/2018'),
(37,37,37,9,470.6,'11/08/2018'),
(38,38,38,2,271.05,'11/08/2018'),
(39,39,39,6,275.53,'11/08/2018'),
(40,40,40,8,180.64,'11/08/2018'),
(41,41,41,3,468.66,'11/08/2018'),
(42,42,42,1,384.22,'11/08/2018'),
(43,43,43,2,220.69,'11/08/2018'),
(44,44,44,6,372.47,'11/08/2018'),
(45,45,45,9,449.52,'12/10/2018'),
(46,46,46,4,325.7,'12/10/2018'),
(47,47,47,6,392.29,'12/10/2018'),
(48,48,48,5,268.36,'12/10/2018'),
(49,49,49,8,410.12,'12/10/2018'),
(50,50,50,4,358.71,'01/12/2018'),
(51,51,51,5,483.02,'12/12/2018'),
(52,52,52,5,293.52,'12/12/2018'),
(53,53,53,9,162.51,'12/12/2018'),
(54,54,54,1,324.5,'12/12/2018'),
(55,55,55,3,387.69,'12/12/2018'),
(56,56,56,5,440.4,'12/12/2018'),
(57,57,57,7,193.84,'12/12/2018'),
(58,58,58,8,156.03,'12/12/2018'),
(59,59,59,2,368.12,'12/12/2018'),
(60,60,60,10,429.41,'12/12/2018'),
(61,61,61,4,349.62,'12/12/2018'),
(62,62,62,6,495.6,'12/12/2018'),
(63,63,63,1,229.33,'12/12/2018'),
(64,64,64,7,183.1,'12/12/2018'),
(65,65,65,8,287.26,'12/12/2018'),
(66,66,66,9,231.09,'12/12/2018'),
(67,67,67,4,409.18,'12/12/2018'),
(68,68,68,10,495.61,'12/12/2018'),
(69,69,69,5,449.99,'12/12/2018'),
(70,70,70,6,245.06,'12/12/2018'),
(71,71,71,1,312.07,'12/12/2018'),
(72,72,72,4,329.02,'12/12/2018'),
(73,73,73,7,211.02,'12/12/2018'),
(74,74,74,3,209.82,'12/12/2018'),
(75,75,75,7,320,'12/12/2018'),
(76,76,76,6,330.05,'12/12/2018'),
(77,77,77,8,219.38,'12/12/2018'),
(78,78,78,2,490.78,'12/12/2018'),
(79,79,79,4,380.56,'12/12/2018'),
(80,80,80,6,363.14,'12/12/2018'),
(81,81,81,3,218.48,'12/12/2018'),
(82,82,82,5,349.95,'12/12/2018'),
(83,83,83,4,386.11,'12/12/2018'),
(84,84,84,2,323.85,'12/12/2018'),
(85,85,85,8,165.65,'12/12/2018'),
(86,86,86,4,355.89,'12/12/2018'),
(87,87,87,2,273.79,'12/12/2018'),
(88,88,88,10,470.01,'12/12/2018'),
(89,89,89,10,339.76,'12/12/2018'),
(90,90,90,8,418.17,'12/12/2018'),
(91,91,91,1,363.29,'12/12/2018'),
(92,92,92,5,245.6,'12/12/2018'),
(93,93,93,4,310.25,'12/12/2018'),
(94,94,94,2,265.23,'12/12/2018'),
(95,95,95,4,323.91,'12/12/2018'),
(96,96,96,4,181.56,'12/12/2018'),
(97,97,97,6,409.73,'12/12/2018'),
(98,98,98,7,372.9,'12/12/2018'),
(99,99,99,1,169.72,'12/12/2018'),
(100,100,100,6,233.75,'12/12/2018'),
(101,23,22,2,23,'15/10/2015');

/*!40101 SET SQL_MODE=@OLD_SQL_MODE */;
/*!40014 SET FOREIGN_KEY_CHECKS=@OLD_FOREIGN_KEY_CHECKS */;
/*!40014 SET UNIQUE_CHECKS=@OLD_UNIQUE_CHECKS */;
/*!40111 SET SQL_NOTES=@OLD_SQL_NOTES */;
